timestamp,text,permission_processing,permission_sharing,language_code,conversation_starter_ID,topics
2026-09-29T00:05:20,Beschrijf een designobject dat voor jou democratisch aanvoelt.,1,1,nl,1,"[""everyday_democracy"", ""what_is_democracy""]"
2026-09-29T00:05:20,Décrivez un objet de design qui vous semble démocratique.,1,1,fr,1,"[""everyday_democracy"", ""what_is_democracy""]"
2026-09-29T00:05:20,Describe a design object that feels democratic to you.,1,1,en,1,"[""everyday_democracy"", ""what_is_democracy""]"
2026-09-29T00:05:20,Hoe kan een museum democratischer worden?,1,1,nl,2,"[""museums_democracy""]"
2026-09-29T00:05:20,Comment un musée peut-il devenir plus démocratique ?,1,1,fr,2,"[""museums_democracy""]"
2026-09-29T00:05:20,How can a museum become more democratic?,1,1,en,2,"[""museums_democracy""]"
2026-09-29T00:05:20,Democratie werkt niet zonder klassenstrijd.,1,1,nl,3,"[""exclusion_disillusion"", ""what_is_democracy""]"
2026-09-29T00:05:20,La démocratie ne fonctionne pas sans lutte des classes.,1,1,fr,3,"[""exclusion_disillusion"", ""what_is_democracy""]"
2026-09-29T00:05:20,Democracy doesn’t work without class struggle.,1,1,en,3,"[""exclusion_disillusion"", ""what_is_democracy""]"
2026-09-29T00:05:20,How could a fox vote?,1,1,en,4,"[""ecocracy""]"
2026-09-29T00:05:20,Hoe zou een vos kunnen stemmen?,1,1,nl,4,"[""ecocracy""]"
2026-09-29T00:05:20,Comment un renard pourrait-il voter ?,1,1,fr,4,"[""ecocracy""]"
2026-09-29T00:05:20,What are you grateful for today that you can’t take for granted?,1,1,en,5,"[""everyday_democracy""]"
2026-09-29T00:05:20,Waar ben je vandaag dankbaar voor dat niet vanzelfsprekend is?,1,1,nl,5,"[""everyday_democracy""]"
2026-09-29T00:05:20,De quoi êtes-vous reconnaissant aujourd’hui qui ne va pas de soi ?,1,1,fr,5,"[""everyday_democracy""]"
2026-09-29T00:05:20,How do you deal with a democratic outcome you strongly oppose?,1,1,en,6,"[""exclusion_disillusion"", ""what_is_democracy""]"
2026-09-29T00:05:20,Hoe ga je om met een democratische uitkomst waar je sterk tegen bent?,1,1,nl,6,"[""exclusion_disillusion"", ""what_is_democracy""]"
2026-09-29T00:05:20,Comment réagissez-vous face à une décision démocratique à laquelle vous êtes profondément opposé ?,1,1,fr,6,"[""exclusion_disillusion"", ""what_is_democracy""]"
2026-09-29T00:05:20,What would everyday democracy look like?,1,1,en,7,"[""everyday_democracy""]"
2026-09-29T00:05:20,Hoe zou alledaagse democratie eruitzien?,1,1,nl,7,"[""everyday_democracy""]"
2026-09-29T00:05:20,À quoi ressemblerait la démocratie au quotidien ?,1,1,fr,7,"[""everyday_democracy""]"
2026-09-29T00:05:20,Does democracy need a shared truth?,1,1,en,8,"[""what_is_democracy""]"
2026-09-29T00:05:20,Heeft democratie een gedeelde waarheid nodig?,1,1,nl,8,"[""what_is_democracy""]"
2026-09-29T00:05:20,La démocratie a-t-elle besoin d’une vérité partagée ?,1,1,fr,8,"[""what_is_democracy""]"
2026-09-29T00:05:20,When did you feel that your voice was truly heard?,1,1,en,9,"[""everyday_democracy"", ""exclusion_disillusion""]"
2026-09-29T00:05:20,Wanneer had jij het gevoel dat jouw stem écht werd gehoord?,1,1,nl,9,"[""everyday_democracy"", ""exclusion_disillusion""]"
2026-09-29T00:05:20,Quand avez-vous eu le sentiment que votre voix était vraiment entendue ?,1,1,fr,9,"[""everyday_democracy"", ""exclusion_disillusion""]"
2026-09-29T00:05:20,"If the water in our city could speak, what would it ask of us?",1,1,en,10,"[""ecocracy""]"
2026-09-29T00:05:20,"Als het water in onze stad kon spreken, wat zou het ons vragen?",1,1,nl,10,"[""ecocracy""]"
2026-09-29T00:05:20,"Si l’eau de notre ville pouvait parler, que nous demanderait-elle ?",1,1,fr,10,"[""ecocracy""]"
2026-09-29T00:05:20,Democracy is choosing from limited options.,1,1,en,11,"[""exclusion_disillusion"", ""direct_democracy""]"
2026-09-29T00:05:20,Democratie is kiezen uit beperkte opties.,1,1,nl,11,"[""exclusion_disillusion"", ""direct_democracy""]"
2026-09-29T00:05:20,"La démocratie, c’est choisir parmi des options limitées.",1,1,fr,11,"[""exclusion_disillusion"", ""direct_democracy""]"
2026-09-29T00:05:20,How should democracy change to keep protecting our rights?,1,1,en,12,"[""what_is_democracy"", ""exclusion_disillusion""]"
2026-09-29T00:05:20,Hoe moet democratie veranderen om onze rechten te blijven beschermen?,1,1,nl,12,"[""what_is_democracy"", ""exclusion_disillusion""]"
2026-09-29T00:05:20,Comment la démocratie doit-elle évoluer pour continuer à protéger nos droits ?,1,1,fr,12,"[""what_is_democracy"", ""exclusion_disillusion""]"
2026-09-29T00:05:20,Tell me about a protest.,1,1,en,13,"[""protest""]"
2026-09-29T00:05:20,Vertel me over een protest.,1,1,nl,13,"[""protest""]"
2026-09-29T00:05:20,Parlez-moi d’une manifestation.,1,1,fr,13,"[""protest""]"
2026-09-29T00:05:20,"If trees were your constituents, what would you demand for them?",1,1,en,14,"[""ecocracy""]"
2026-09-29T00:05:20,"Als bomen jouw kiezers waren, wat zou je dan voor hen eisen?",1,1,nl,14,"[""ecocracy""]"
2026-09-29T00:05:20,"Si les arbres étaient vos électeurs, que réclameriez-vous pour eux ?",1,1,fr,14,"[""ecocracy""]"
2026-09-29T00:05:20,Shared decision-making comes at the cost of efficiency.,1,1,en,15,"[""direct_democracy"", ""everyday_democracy""]"
2026-09-29T00:05:20,Samen beslissen gaat ten koste van efficiëntie.,1,1,nl,15,"[""direct_democracy"", ""everyday_democracy""]"
2026-09-29T00:05:20,Décider ensemble se fait au détriment de l’efficacité.,1,1,fr,15,"[""direct_democracy"", ""everyday_democracy""]"
2026-09-29T00:05:20,"Tomorrow, you are prime minister. What would you change?",1,1,en,16,"[""belgian_democracy""]"
2026-09-29T00:05:20,Morgen ben jij premier. Wat verander je als eerste?,1,1,nl,16,"[""belgian_democracy""]"
2026-09-29T00:05:20,"Demain, vous êtes Premier ministre. Que changez-vous en premier ?",1,1,fr,16,"[""belgian_democracy""]"
2026-09-29T00:05:20,Where have you experienced real democracy?,1,1,en,17,"[""everyday_democracy"", ""what_is_democracy""]"
2026-09-29T00:05:20,Waar heb jij echte democratie ervaren?,1,1,nl,17,"[""everyday_democracy"", ""what_is_democracy""]"
2026-09-29T00:05:20,Où avez-vous fait l’expérience d’une véritable démocratie ?,1,1,fr,17,"[""everyday_democracy"", ""what_is_democracy""]"
2026-09-29T00:05:20,Should a designer strive to be democratic?,1,1,en,18,"[""everyday_democracy""]"
2026-09-29T00:05:20,Moet een ontwerper ernaar streven democratisch te zijn?,1,1,nl,18,"[""everyday_democracy""]"
2026-09-29T00:05:20,Un designer devrait-il chercher à être démocratique ?,1,1,fr,18,"[""everyday_democracy""]"
2026-09-29T00:05:20,When does democracy need to be avoided at all costs?,1,1,en,19,"[""what_is_democracy""]"
2026-09-29T00:05:20,Wanneer moet democratie koste wat het kost worden vermeden?,1,1,nl,19,"[""what_is_democracy""]"
2026-09-29T00:05:20,Quand faut-il éviter la démocratie à tout prix ?,1,1,fr,19,"[""what_is_democracy""]"
2026-09-29T00:05:20,What is a more-than-human community?,1,1,en,20,"[""ecocracy""]"
2026-09-29T00:05:20,Wat is een meer-dan-menselijke gemeenschap?,1,1,nl,20,"[""ecocracy""]"
2026-09-29T00:05:20,Qu’est-ce qu’une communauté plus-qu’humaine ?,1,1,fr,20,"[""ecocracy""]"
2026-09-29T00:05:20,But what about those under 18? Shouldn't they have a say?,1,1,en,21,"[""exclusion_disillusion"", ""belgian_democracy""]"
2026-09-29T00:05:20,Maar wat met wie jonger is dan 18? Zouden zij geen zeggenschap moeten hebben?,1,1,nl,21,"[""exclusion_disillusion"", ""belgian_democracy""]"
2026-09-29T00:05:20,Mais qu’en est-il des moins de 18 ans ? Ne devraient-ils pas avoir leur mot à dire ?,1,1,fr,21,"[""exclusion_disillusion"", ""belgian_democracy""]"
2026-09-29T00:05:20,Can AI be used to make things more democratic?,1,1,en,22,"[""direct_democracy""]"
2026-09-29T00:05:20,Kan AI worden ingezet om dingen democratischer te maken?,1,1,nl,22,"[""direct_democracy""]"
2026-09-29T00:05:20,Peut-on utiliser l’IA pour rendre les choses plus démocratiques ?,1,1,fr,22,"[""direct_democracy""]"
2026-09-29T00:05:20,How far can civil disobedience go?,1,1,en,23,"[""protest""]"
2026-09-29T00:05:20,Hoe ver kan burgerlijke ongehoorzaamheid gaan?,1,1,nl,23,"[""protest""]"
2026-09-29T00:05:20,Jusqu’où peut aller la désobéissance civile ?,1,1,fr,23,"[""protest""]"
2026-09-29T00:05:20,How do we prevent anti-democratic leaders from being democratically elected?,1,1,en,24,"[""exclusion_disillusion"", ""what_is_democracy""]"
2026-09-29T00:05:20,Hoe vermijden we dat anti-democratische leiders democratisch verkozen worden?,1,1,nl,24,"[""exclusion_disillusion"", ""what_is_democracy""]"
2026-09-29T00:05:20,Comment éviter que des dirigeants antidémocratiques soient élus démocratiquement ?,1,1,fr,24,"[""exclusion_disillusion"", ""what_is_democracy""]"
2026-09-29T00:05:20,Who is worth more to our society: a dog or a rat?,1,1,en,25,"[""ecocracy""]"
2026-09-29T00:05:20,Wie is meer waard voor onze samenleving: een hond of een rat?,1,1,nl,25,"[""ecocracy""]"
2026-09-29T00:05:20,Qui a le plus de valeur pour notre société : un chien ou un rat ?,1,1,fr,25,"[""ecocracy""]"
2026-09-29T00:05:20,Can there be joy in long decision-making processes?,1,1,en,26,"[""direct_democracy"", ""everyday_democracy""]"
2026-09-29T00:05:20,Kan er plezier zitten in lange besluitvormingsprocessen?,1,1,nl,26,"[""direct_democracy"", ""everyday_democracy""]"
2026-09-29T00:05:20,Peut-on trouver du plaisir dans de longs processus de décision ?,1,1,fr,26,"[""direct_democracy"", ""everyday_democracy""]"
2026-09-29T00:05:20,Democracy is not the best form of government.,1,1,en,27,"[""what_is_democracy"", ""exclusion_disillusion""]"
2026-09-29T00:05:20,Democratie is niet de beste staatsvorm.,1,1,nl,27,"[""what_is_democracy"", ""exclusion_disillusion""]"
2026-09-29T00:05:20,La démocratie n’est pas la meilleure forme de gouvernement.,1,1,fr,27,"[""what_is_democracy"", ""exclusion_disillusion""]"
2026-09-29T00:05:20,What do you owe the democracy you are part of?,1,1,en,28,"[""what_is_democracy"", ""everyday_democracy""]"
2026-09-29T00:05:20,Wat ben je verschuldigd aan de democratie waar je deel van uitmaakt?,1,1,nl,28,"[""what_is_democracy"", ""everyday_democracy""]"
2026-09-29T00:05:20,Que devez-vous à la démocratie dont vous faites partie ?,1,1,fr,28,"[""what_is_democracy"", ""everyday_democracy""]"
2026-09-29T00:05:20,"Today, I am most concerned about...",1,1,en,29,"[""exclusion_disillusion""]"
2026-09-29T00:05:20,Vandaag maak ik me het meeste zorgen over…,1,1,nl,29,"[""exclusion_disillusion""]"
2026-09-29T00:05:20,"Aujourd’hui, ce qui m’inquiète le plus, c’est…",1,1,fr,29,"[""exclusion_disillusion""]"
2026-09-29T00:05:20,Is extinction a political decision?,1,1,en,30,"[""ecocracy""]"
2026-09-29T00:05:20,Is uitsterven een politieke beslissing?,1,1,nl,30,"[""ecocracy""]"
2026-09-29T00:05:20,L’extinction est-elle une décision politique ?,1,1,fr,30,"[""ecocracy""]"
2026-09-29T00:05:20,I sometimes confuse socialism and communism.,1,1,en,31,"[""what_is_democracy""]"
2026-09-29T00:05:20,Ik haal socialisme en communisme soms door elkaar.,1,1,nl,31,"[""what_is_democracy""]"
2026-09-29T00:05:20,Je confonds parfois socialisme et communisme.,1,1,fr,31,"[""what_is_democracy""]"
2026-09-29T00:05:20,Why is democracy worth fighting for?,1,1,en,32,"[""what_is_democracy"", ""protest""]"
2026-09-29T00:05:20,Waarom is democratie het waard om voor te vechten?,1,1,nl,32,"[""what_is_democracy"", ""protest""]"
2026-09-29T00:05:20,Pourquoi la démocratie vaut-elle la peine d’être défendue ?,1,1,fr,32,"[""what_is_democracy"", ""protest""]"
2026-09-29T00:05:20,What unexpected skill would you want your head of state to have?,1,1,en,33,"[""belgian_democracy""]"
2026-09-29T00:05:20,Welke onverwachte vaardigheid zou je willen dat je staatshoofd heeft?,1,1,nl,33,"[""belgian_democracy""]"
2026-09-29T00:05:20,Quelle compétence inattendue aimeriez-vous que votre chef d’État ait ?,1,1,fr,33,"[""belgian_democracy""]"
2026-09-29T00:05:20,What does democratic housing look like?,1,1,en,34,"[""everyday_democracy""]"
2026-09-29T00:05:20,Hoe ziet democratische huisvesting eruit?,1,1,nl,34,"[""everyday_democracy""]"
2026-09-29T00:05:20,À quoi ressemble un logement démocratique ?,1,1,fr,34,"[""everyday_democracy""]"
2026-09-29T00:05:20,How does ‘the future’ get to vote?,1,1,en,35,"[""ecocracy"", ""exclusion_disillusion""]"
2026-09-29T00:05:20,Hoe krijgt ‘de toekomst’ een stem?,1,1,nl,35,"[""ecocracy"", ""exclusion_disillusion""]"
2026-09-29T00:05:20,Comment donner une voix à « l’avenir » ?,1,1,fr,35,"[""ecocracy"", ""exclusion_disillusion""]"
2026-09-29T00:05:20,Democracy has to justify itself by...,1,1,en,36,"[""what_is_democracy""]"
2026-09-29T00:05:20,Democratie moet zichzelf rechtvaardigen door...,1,1,nl,36,"[""what_is_democracy""]"
2026-09-29T00:05:20,La démocratie doit se justifier par…,1,1,fr,36,"[""what_is_democracy""]"
2026-09-29T00:05:20,Does democracy make us happier?,1,1,en,37,"[""what_is_democracy"", ""everyday_democracy""]"
2026-09-29T00:05:20,Maakt democratie ons gelukkiger?,1,1,nl,37,"[""what_is_democracy"", ""everyday_democracy""]"
2026-09-29T00:05:20,La démocratie nous rend-elle plus heureux ?,1,1,fr,37,"[""what_is_democracy"", ""everyday_democracy""]"
2026-09-29T00:05:20,"People, pigeons, trees and beetles all live in our city. Where is the centre, then?",1,1,en,38,"[""ecocracy""]"
2026-09-29T00:05:20,"Mensen, merels, bomen en kevers leven in onze stad. Waar is het centrum dan eigenlijk?",1,1,nl,38,"[""ecocracy""]"
2026-09-29T00:05:20,"Humains, merles, arbres et coléoptères vivent dans notre ville. Où est le centre, au juste ?",1,1,fr,38,"[""ecocracy""]"
2026-09-29T00:05:20,How should democracy protect those who are outvoted?,1,1,en,39,"[""exclusion_disillusion""]"
2026-09-29T00:05:20,Hoe moet een democratie degenen beschermen die overstemd worden?,1,1,nl,39,"[""exclusion_disillusion""]"
2026-09-29T00:05:20,Comment une démocratie doit-elle protéger ceux qui sont mis en minorité ?,1,1,fr,39,"[""exclusion_disillusion""]"
2026-09-29T00:05:20,What do you hope democracy will look like at the end of this century?,1,1,en,40,"[""what_is_democracy""]"
2026-09-29T00:05:20,Hoe hoop je dat democratie er aan het einde van deze eeuw uitziet?,1,1,nl,40,"[""what_is_democracy""]"
2026-09-29T00:05:20,À quoi espérez-vous que la démocratie ressemblera à la fin de ce siècle ?,1,1,fr,40,"[""what_is_democracy""]"
2026-09-29T00:05:20,"If one in three people in Ghent is a student, should they have more say?",1,1,en,41,"[""belgian_democracy"", ""exclusion_disillusion""]"
2026-09-29T00:05:20,"Als één op de drie Gentenaars student is, zouden ze meer zeggenschap moeten hebben?",1,1,nl,41,"[""belgian_democracy"", ""exclusion_disillusion""]"
2026-09-29T00:05:20,"Si un Gantois sur trois est étudiant, les étudiants devraient-ils avoir davantage leur mot à dire ?",1,1,fr,41,"[""belgian_democracy"", ""exclusion_disillusion""]"
2026-09-29T00:05:20,How can we engage water as an actor in democratic decision-making?,1,1,en,42,"[""ecocracy"", ""direct_democracy""]"
2026-09-29T00:05:20,Hoe kunnen we water als actor betrekken bij democratische besluitvorming?,1,1,nl,42,"[""ecocracy"", ""direct_democracy""]"
2026-09-29T00:05:20,Comment pouvons-nous faire de l’eau un acteur de la prise de décision démocratique ?,1,1,fr,42,"[""ecocracy"", ""direct_democracy""]"
2026-09-29T00:05:20,Is design education part of the solution to democracy’s problems—or part of the problem?,1,1,en,43,"[""everyday_democracy"", ""exclusion_disillusion""]"
2026-09-29T00:05:20,Is designonderwijs een deel van de oplossing voor de problemen van de democratie — of een deel van het probleem?,1,1,nl,43,"[""everyday_democracy"", ""exclusion_disillusion""]"
2026-09-29T00:05:20,L’enseignement du design fait-il partie de la solution aux problèmes de la démocratie — ou du problème ?,1,1,fr,43,"[""everyday_democracy"", ""exclusion_disillusion""]"
2026-09-29T00:05:20,Democracy only works if...,1,1,en,44,"[""what_is_democracy""]"
2026-09-29T00:05:20,Democratie werkt alleen als…,1,1,nl,44,"[""what_is_democracy""]"
2026-09-29T00:05:20,La démocratie ne fonctionne que si…,1,1,fr,44,"[""what_is_democracy""]"
2026-09-29T00:05:20,"We can build a decarbonized, just, feminist, and decolonial democracy.",1,1,en,45,"[""ecocracy"", ""exclusion_disillusion""]"
2026-09-29T00:05:20,"We kunnen een koolstofvrije, rechtvaardige, feministische en dekoloniale democratie opbouwen.",1,1,nl,45,"[""ecocracy"", ""exclusion_disillusion""]"
2026-09-29T00:05:20,"Nous pouvons construire une démocratie décarbonée, juste, féministe et décoloniale.",1,1,fr,45,"[""ecocracy"", ""exclusion_disillusion""]"
2026-09-29T00:05:20,Does design get better when everyone has a say?,1,1,en,46,"[""direct_democracy"", ""everyday_democracy""]"
2026-09-29T00:05:20,Wordt design beter als iedereen mag meepraten?,1,1,nl,46,"[""direct_democracy"", ""everyday_democracy""]"
2026-09-29T00:05:20,Le design est-il meilleur quand tout le monde peut donner son avis ?,1,1,fr,46,"[""direct_democracy"", ""everyday_democracy""]"
2026-09-29T00:05:20,What kind of democracy does a world in climate crisis need?,1,1,en,47,"[""ecocracy"", ""what_is_democracy""]"
2026-09-29T00:05:20,Wat voor democratie heeft een wereld in klimaatcrisis nodig?,1,1,nl,47,"[""ecocracy"", ""what_is_democracy""]"
2026-09-29T00:05:20,De quelle démocratie un monde en crise climatique a-t-il besoin ?,1,1,fr,47,"[""ecocracy"", ""what_is_democracy""]"
2026-09-29T00:05:20,What are the first signs that a democracy is weakening?,1,1,en,48,"[""exclusion_disillusion""]"
2026-09-29T00:05:20,Wat zijn de eerste tekenen dat een democratie verzwakt?,1,1,nl,48,"[""exclusion_disillusion""]"
2026-09-29T00:05:20,Quels sont les premiers signes qu’une démocratie s’affaiblit ?,1,1,fr,48,"[""exclusion_disillusion""]"
2026-09-29T00:05:20,In wartime: more money for weapons or for culture?,1,1,en,49,"[""museums_democracy"", ""belgian_democracy""]"
2026-09-29T00:05:20,In oorlogstijd: meer geld voor wapens of voor cultuur?,1,1,nl,49,"[""museums_democracy"", ""belgian_democracy""]"
2026-09-29T00:05:20,En temps de guerre : plus d’argent pour les armes ou pour la culture ?,1,1,fr,49,"[""museums_democracy"", ""belgian_democracy""]"
2026-09-29T00:05:20,But seriously? What is the role of the monarchy in a democracy?,1,1,en,50,"[""belgian_democracy""]"
2026-09-29T00:05:20,Maar serieus? Wat is de rol van de monarchie in een democratie?,1,1,nl,50,"[""belgian_democracy""]"
2026-09-29T00:05:20,Mais sérieusement ? Quel est le rôle de la monarchie dans une démocratie ?,1,1,fr,50,"[""belgian_democracy""]"
2026-09-29T00:05:20,I have never joined a protest because I don’t believe it makes a difference.,1,1,en,51,"[""protest"", ""exclusion_disillusion""]"
2026-09-29T00:05:20,"Ik heb nog nooit meegedaan aan een betoging, want ik geloof niet dat dit effect heeft.",1,1,nl,51,"[""protest"", ""exclusion_disillusion""]"
2026-09-29T00:05:20,"Je n’ai jamais participé à une manifestation, car je ne crois pas que cela ait un effet.",1,1,fr,51,"[""protest"", ""exclusion_disillusion""]"
2026-09-29T00:05:20,When is ‘the will of the people’ no longer democratic?,1,1,en,52,"[""direct_democracy"", ""exclusion_disillusion""]"
2026-09-29T00:05:20,Wanneer is ‘de wil van het volk’ niet meer democratisch?,1,1,nl,52,"[""direct_democracy"", ""exclusion_disillusion""]"
2026-09-29T00:05:20,Quand « la volonté du peuple » cesse-t-elle d’être démocratique ?,1,1,fr,52,"[""direct_democracy"", ""exclusion_disillusion""]"
2026-09-29T00:05:20,Who represents you?,1,1,en,53,"[""belgian_democracy"", ""direct_democracy""]"
2026-09-29T00:05:20,Wie mag jou vertegenwoordigen?,1,1,nl,53,"[""belgian_democracy"", ""direct_democracy""]"
2026-09-29T00:05:20,Qui peut vous représenter ?,1,1,fr,53,"[""belgian_democracy"", ""direct_democracy""]"
2026-09-29T00:05:20,The future of Belgian democracy is a permanent citizens’ assembly.,1,1,en,54,"[""belgian_democracy"", ""direct_democracy""]"
2026-09-29T00:05:20,De toekomst van de Belgische democratie is een permanente burgerassemblee.,1,1,nl,54,"[""belgian_democracy"", ""direct_democracy""]"
2026-09-29T00:05:20,L’avenir de la démocratie belge est une assemblée citoyenne permanente.,1,1,fr,54,"[""belgian_democracy"", ""direct_democracy""]"
2026-09-29T00:05:20,How do we keep ambitious ideas ambitious in democratic decision-making?,1,1,en,55,"[""direct_democracy""]"
2026-09-29T00:05:20,Hoe houden we ambitieuze ideeën ambitieus in een democratisch beslissingsproces?,1,1,nl,55,"[""direct_democracy""]"
2026-09-29T00:05:20,Comment garder des idées ambitieuses ambitieuses dans un processus de décision démocratique ?,1,1,fr,55,"[""direct_democracy""]"
2026-09-29T00:05:20,What is democracy for you?,1,1,en,56,"[""what_is_democracy""]"
2026-09-29T00:05:20,Wat is democratie voor jou?,1,1,nl,56,"[""what_is_democracy""]"
2026-09-29T00:05:20,Qu’est-ce que la démocratie pour vous ?,1,1,fr,56,"[""what_is_democracy""]"
