comment_ID,timestamp,text,permission_processing,permission_sharing,language_code,reply_to,verified,flagged
1001,2026-09-02T20:31:55,"More money for culture than for weapons always. If the culture gets lost during or because of war, then what are we even protecting?",1,1,en,49,1,0
1002,2026-09-02T20:31:55,"Monarchs have the same role in modern countries as celebrities like the Kardashians: for people to distract themselves with bits of light ""news"".",1,1,en,50,1,0
1003,2026-09-02T20:31:55,"That's actually true, I've never joined a protest. I do wonder how much protests usually actually achieve, can someone tell me?",1,1,en,51,1,0
1004,2026-09-02T20:31:55,"As a German, there's very clear cases when the will of the people needs to be ignored or eradicated. It's the function of a good constitution to define those.",1,1,en,52,1,0
1005,2026-09-02T20:32:24,"Whether a dog or a rat is more important for society, depends on who you include in the definition of society. But I've never heard of a rat rescuing another species from danger...so I'll go with dog.",1,1,en,25,1,0
1006,2026-09-02T20:32:24,"I often enjoy making decisions after testing things out slowly. I feel nervous when decisions are made too quickly, without thinking through the consequences.",1,1,en,26,1,0
1007,2026-09-02T20:32:24,"Democracy may not be the easiest form of government, but at least the ideas behind it are pretty clear in terms of process and accountability.",1,1,en,27,1,0
1008,2026-09-02T20:32:24,"I owe democracy more curiosity, but not necessarily more patience.",1,1,en,28,1,0
1009,2026-09-02T20:59:10,I'm pretty sure trees would vote for the Green Party.,1,1,en,14,1,0
1010,2026-09-02T20:59:10,"Today, I am most concerned about American tech oligarchs and how hard it is escape them.",1,1,en,29,1,0
1011,2026-09-02T20:59:10,"I dont think i confuse socialism and communism, but im not confortable trying to explain any word that ends with ism.",1,1,en,31,1,0
1012,2026-09-02T20:59:10,"Chantal Mouffe's idea of agonism and friendly adversaries is kinda about the fact that healthy democracy needs competing ideals, not just consensus.",1,1,en,32,1,0
1013,2026-09-03T18:57:33,I felt my voice was truly heard when I felt that someone was truly listening.,1,1,en,9,1,0
1014,2026-09-03T18:57:33,"If water could speak: when will you feel (again) that I am / we are not a resource, but a loving system ?",1,1,en,10,1,0
1015,2026-09-03T18:57:33,Limited options are only a result of limited imagination.,1,1,en,11,1,0
1016,2026-09-03T18:57:33,"Through more direct democracy, binding citizens’ assemblies and political planning that reaches beyond the next election.",1,1,en,12,1,0
1017,2026-09-03T20:45:32,Ik denk dat het streven naar inclusiviteit en betrokkenheid er moet zijn. Democratisch lijkt me niet makkelijk om naar te streven in ontwerp.,1,1,nl,18,1,0
1018,2026-09-03T20:45:32,Do humans have the right to decide which species survive?,1,1,en,25,1,0
1019,2026-09-03T20:45:32,Long decision-making processes can bring joy if they end in good decisions. So painful if they become mediocre ones.,1,1,en,26,1,0
1020,2026-09-03T20:45:32,"I owe the democracy taxes, but not parking fines, service fees, or peak-time fees for public transportation...",1,1,en,28,1,0
1021,2026-09-04T08:53:40,Ik heb echte democratie ervaren in de sessies die uitgemond zijn in DE40.,1,1,nl,17,1,0
1022,2026-09-04T08:53:40,"Of een ontwerper democratisch moet zijn, hangt natuurlijk af van de context: of je als in-house designer een zeer gerichte opdracht voor een industrieel product uitvoert, of als ontwerper een dienst voor een stad ontwikkelt.",1,1,nl,18,1,0
1023,2026-09-04T08:53:40,Democratie kun je beter vermijden als kleine kinderen naar bed moeten.,1,1,nl,19,1,0
1024,2026-09-04T08:53:40,Een boerderij is een meer-dan-menselijke gemeenschap,1,1,nl,20,1,0
1025,2026-09-04T11:02:17,Cafés die de hele nacht open zijn? Hoeft niet.,1,1,nl,41,1,0
1026,2026-09-04T11:02:17,"I think learning about water, trees, or any other non-human actors in our ecosystem should be part of all levels of education, through 'field lessons' rather than just textbooks.",1,1,en,42,1,0
1027,2026-09-04T11:02:17,Are you part of the solution to democracy’s problems—or part of the problem- should be asked in all fields of education.,1,1,en,43,1,0
1028,2026-09-04T11:02:17,Democracy works only if you can accept that you will sometimes be overruled.,1,1,en,44,1,0
1029,2026-09-04T11:46:05,"I joined the protest when the Dutch government slashed cultural funding, with thousands about to lose their jobs. I remember the police brutality in the way they tried to clear us from the square.",1,1,en,13,1,0
1030,2026-09-04T11:46:05,"Shared decision-making might come at the cost of efficiency, but should our lives be measured by that?",1,1,en,15,1,0
1031,2026-09-04T11:46:05,I dont want to be prime minister.,1,1,en,16,1,0
1032,2026-09-04T22:20:06,I experience real democracy when I go to vote.,1,1,en,17,1,0
1033,2026-09-04T22:20:06,"I don't care if a Designer is democratic, as long as nobody's getting harmed.",1,1,en,18,1,0
1034,2026-09-04T22:20:06,"I work at a school. When kids need to do something, avoid democracy.",1,1,en,19,1,0
1035,2026-09-04T22:20:06,More-than-human community? Never heard of that term.,1,1,en,20,1,0
1036,2026-09-13T21:53:40,Ik heb democratie ervaren  toen ik met mijn vader en moeder en mijn 2 broertjes naar de verkiezingen heb gekeken.,1,1,nl,17,1,0
1037,2026-09-13T21:53:40,"Een ontwerp hoeft niet democratisch te zijn; het kan bijvoorbeeld iets vertellen over jou, andere mensen of zelfs een plek.",1,1,nl,18,1,0
1038,2026-09-13T21:53:40,"Ik weet het niet, sorry.",1,1,nl,19,1,0
1039,2026-09-13T21:53:40,Een meer dan menselijke gemeenschap is voor mij een gemeenschap waarbij we ook met dieren kunnen leven?,1,1,nl,20,1,0
1040,2026-09-14T13:34:19,"Vandaag maak ik me het meeste zorgen over…
AI",1,1,nl,29,1,0
1041,2026-09-14T13:34:19,"Uitsterven is geen politieke, maar een technocratische beslissing.",1,1,nl,30,1,0
1042,2026-09-14T13:34:19,LOL,1,1,en,31,1,0
1043,2026-09-14T13:34:19,It isn't - it's broken and outdated.,1,1,en,32,1,0
1044,2026-09-14T13:52:02,"If water could speak, it would say mind your own business.",1,1,en,10,1,0
1045,2026-09-14T13:52:02,Democracy should be about more than just choosing.,1,1,en,11,1,0
1046,2026-09-14T13:52:02,It should have direct consequences.,1,1,en,12,1,0
1047,2026-09-14T13:54:27,"I don't know, what does democracy do?",1,1,en,37,1,0
1048,2026-09-14T13:54:27,The city centre is the exact middle point of a city's flat boundary outline.,1,1,en,38,1,0
1049,2026-09-14T13:59:20,Mensen jonger dan 18 hebben vandaag meer zeggenschap omwille van hun digitale geletterdheid.,1,1,nl,21,1,0
1050,2026-09-14T13:59:20,AI clearly improves democratic procedure while putting pressure on democratic preconditions.,1,1,en,22,1,0
1051,2026-09-14T13:59:20,Burgerlijke ongehoorzaamheid kan zo ver gaan dat je ervoor wordt gearresteerd.,1,1,nl,23,1,0
1052,2026-09-14T13:59:20,We kunnen antidemocratische leiders voorkomen door geïnformeerd te stemmen.,1,1,nl,24,1,0
1053,2026-09-14T14:02:06,Enkel ikzelf mag mij vertegenwoordigen.,1,1,nl,53,1,0
1054,2026-09-14T14:02:06,Democracy for me is the arrangement in which you can get rid of rulers without bloodshed.,1,1,en,56,1,0
1055,2026-09-22T23:33:30,"I represent myself, but every once and a while I meet someone that I trust to take decisions on my behalf.",1,1,en,53,1,0
1056,2026-09-22T23:33:30,"I believe that if you give people the power (and time) to engage with issues, they can make good decisions and fair compromises. I'd argue most bad decisions result from too little time invested.",1,1,en,54,1,0
1057,2026-09-22T23:33:30,Being ambitious also means knowing the steps needed to get there.,1,1,en,55,1,0
1058,2026-09-22T23:33:30,"To me, democracy is listening before deciding.",1,1,en,56,1,0
1059,2026-09-22T23:45:20,"I want a decarbonized, just, feminist, and decolonial democracy. Not sure how we get there.",1,1,en,45,1,0
1060,2026-09-22T23:45:20,I think design of public space does get better when more people have a say.,1,1,en,46,1,0
1061,2026-09-22T23:45:20,The first sign that democracy is weakening is when large parts of society blame poor people for their problems.,1,1,en,48,1,0
1062,2026-09-23T16:29:30,Rats have value in society.,1,1,en,25,1,0
1063,2026-09-23T16:29:30,Rarely can there be joy long decision-making processes.,1,1,en,26,1,0
1064,2026-09-23T16:29:30,for whom?,1,1,en,27,1,0
1065,2026-09-23T16:29:30,I owe democracy taxes,1,1,en,28,1,0
1066,2026-09-24T12:00:34,"Als het water in de stad kon praten zou het niet iets willen vragen, maar vooral eens zelf willen vertellen. Het zou zeggen, ik kom eraan; soms ineens met veel tegelijk, en soms juist helemaal niet.",1,1,nl,10,1,0
1067,2026-09-24T12:00:34,"Democratie moet veranderen door vooral langere termijnen in te bouwen. Misschien niet meer elke 4 jaar stemmen bijvoorbeeld, zodat meer verantwoordelijkheden voor politieke keuzes komen.",1,1,nl,12,1,0
1068,2026-09-24T15:06:47,"I'm worried avout fascism, nuclear warheads, genocides",1,1,en,29,1,0
1069,2026-09-24T15:06:47,"Yes, extinction is a political decision.",1,1,en,30,1,0
1070,2026-09-24T15:06:47,That is not a question.,1,1,en,31,1,0
1071,2026-09-24T15:06:47,"Democracy is worth fighting for because it doesn’t exist, but it should.",1,1,en,32,1,0
1072,2026-09-24T16:31:07,Een protest gaat over mensen die verandering willen.,1,1,nl,13,1,0
1073,2026-09-24T16:31:07,"Als bomen mijn kiezers waren, zou ik voor hen meer ruimte, gezondere lucht en voldoende regen eisen.",1,1,nl,14,1,0
1074,2026-09-24T16:31:07,"Samen beslissen gaat ten koste van efficiëntie want meerdere mensen tot een besluit laten komen, duurt langer. Maar de beslissing zal beter gedragen zijn.",1,1,nl,15,1,0
1075,2026-09-24T16:31:07,"Als ik morgen premier werd, zou ik meer inzetten op jongeren: goede maaltijden op school, betere ondersteuning van scholen, van busvervoer naar scholen in bijzonder onderwijs etc",1,1,nl,16,1,0
1076,2026-09-24T19:40:48,"Een designobject voelt democratischer aan als iedereen het op eender welk moment kan zien, voelen, ruiken, horen.",1,1,nl,1,1,0
1077,2026-09-24T19:40:48,"De toegangsprijzen tot een museum kunnen democratisch gemaakt worden door na te denken over het doelpubliek. Welke leeftijd, geslacht, sociale achtergrond heeft dit publiek?",1,1,nl,2,1,0
1078,2026-09-24T19:40:48,Klassenstrijd is van alle tijden en ook niet weg te denken uit een democratie. Het voedt in zekere zin.,1,1,nl,3,1,0
1079,2026-09-24T19:40:48,Door zijn favoriete voeding in te zetten?,1,1,nl,4,1,0
1080,2026-09-25T00:43:52,I felt my voice was truly heard when my godchild asked me if his feelings for his best mate were friendship or love,1,1,en,9,1,0
1081,2026-09-25T00:43:52,The water would ask : Are you kidding ? 😂,1,1,en,10,1,0
1082,2026-09-25T00:43:52,"To keep protecting our rights, democracy should move national power & resources to international governance of digital security & human rights",1,1,en,12,1,0
1083,2026-09-25T07:19:37,Er is altijd te veel geld voor wapens en te weinig voor cultuur.,1,1,nl,49,1,0
1084,2026-09-25T07:19:37,De monarchie is een poppenkadt,1,1,nl,50,1,0
1085,2026-09-25T07:19:37,Ik heb ook als kind al meegedaan aan betogingen.,1,1,nl,51,1,0
1086,2026-09-25T07:19:37,Als de wil van het volk mensen uitsluit is het niet meer democratisch,1,1,nl,52,1,0
1087,2026-09-25T13:26:48,"Jongeren moeten zeker zeggenschappen hebben in hun leefwereld, en zo leren we van jongs af aan dat je actie kan ondernemen.",1,1,nl,21,1,0
1088,2026-09-25T13:26:48,AI kan dingen democratischer maken door bijvoorbeeld informatie te helpen vertalen.,1,1,nl,22,1,0
1089,2026-09-25T13:26:48,Als het om mensenrechten gaat mag burgerlijke ongehoorzaamheid verder gaan.,1,1,nl,23,1,0
1090,2026-09-25T13:26:48,We vermijden dat anti-democratische leiders worden verkozen door te blijven inzetten op fact-checking en onafhankelijke media.,1,1,nl,24,1,0
1091,2026-09-25T20:57:28,a dog,1,1,en,25,1,0
1092,2026-09-25T20:57:28,"yes, because a truely democratic process is based on long decision-making processes",1,1,en,26,1,0
1093,2026-09-25T20:57:28,"It is true for the system of representative democracy we live in, we need to fight for a real democracy",1,1,en,27,1,0
1094,2026-09-25T20:57:28,Fight against pending fascism and climate breakdown,1,1,en,28,1,0
1095,2026-09-26T11:05:19,I am grateful for the fact that I have a home and make a living.,1,1,en,5,1,0
1096,2026-09-26T11:05:19,I don't believe I have the agency to deal with a democratic outcome I strongly oppose.,1,1,en,6,1,0
1097,2026-09-26T11:05:19,I don't know? Does democracy take on a physical form?,1,1,en,7,1,0
1098,2026-09-26T11:05:19,Let's reverse that question; do our shared truths benefit from democracy.,1,1,en,8,1,0
1099,2026-09-26T11:07:53,"Why would a voice be limited to a social status. A student, a homeless person, an immigrant. Everyone should have a voice, not just the biggest demographic cluster.",1,1,en,41,1,0
1100,2026-09-26T11:07:53,Does water want to be involved in systems that are not theirs. Should we even impose this beyond western human contexts?,1,1,en,42,1,0
1101,2026-09-26T11:07:53,people actually understand what democracy is - and it doesn't only cater the biggest denominator.,1,1,en,44,1,0
1102,2026-09-27T23:53:54,IKEA lijkt me behoorlijk democratisch. Mijn kinderen hebben er alleen een andere naam voor: Idioten Kopen Echt Alles.,1,1,nl,1,1,0
1103,2026-09-27T23:53:54,Museums need to acknowledge the wealth and diversity of knowledge that comes through the front door of the museum.,1,1,en,2,1,0
1104,2026-09-27T23:53:54,Ik zag ooit een sticker: ‘Ecologisme zonder klassenstrijd is gewoon tuinieren.’ Dat vind ik een goede boodschap.,1,1,nl,3,1,0
1105,2026-09-27T23:53:54,"I am not wondering how animals and other living organisms can vote, but how we can get clear information about what our local ecosystem needs to thrive, so my vote better represents them.",1,1,en,4,1,0
1106,2026-09-28T00:14:11,I'm grateful that I had the freedom to study without going into huge personal debt.,1,1,en,5,1,0
1107,2026-09-28T00:14:11,"When you have to accept a decision you strongly oppose, you need to see how you can sharpen your arguments the next time around.",1,1,en,6,1,0
1108,2026-09-28T00:14:11,"Everyday democracy is getting excited to discuss what to have for lunch, and then how to fairly divide doing the dishes.",1,1,en,7,1,0
1109,2026-09-28T00:14:11,Democracy is hard when people fundamentally disagree about facts and truth.,1,1,en,8,1,0
1110,2026-09-28T00:40:58,"I think democratic responsibilities should be built up gradually, starting in high school.",1,1,en,21,1,0
1111,2026-09-28T00:40:58,AI should not be seen as a solution to democratic problems.,1,1,en,22,1,0
1112,2026-09-28T00:40:58,Burgerlijke ongehoorzaamheid hoeft niet ver te gaan... het kan zitten in kleine dingen die je consequent doet.,1,1,nl,23,1,0
1113,2026-09-28T09:52:41,"In war time more money for weapons, id say 51-49",1,1,en,49,1,0
1114,2026-09-28T09:52:41,The role of the monarchy in a democracy is a reminder that a true democracy has not been achieved yet. Only when all people will have equal rights we would ba able to call it democracy. No rich.,1,1,en,50,1,0
1115,2026-09-28T09:52:41,"It makes a difference to join a protest, you get to know people with your same struggles, and you make future plans...",1,1,en,51,1,0
1116,2026-09-28T09:52:41,The will of the people is not democratic when it discriminates.,1,1,en,52,1,0
